before,1,bench_tanh_f32_4k,0.0042,0.0031,1.355,0.0042,0.0031,1.364,526.7,0.3
before,1,bench_sigmoid_f32_4k,0.0042,0.0032,1.324,0.0042,0.0032,1.325,11.1,0.2
before,1,bench_erf_f32_4k,0.0069,0.0051,1.359,0.0070,0.0052,1.365,11.0,0.3
before,1,bench_elu_f32_4k,0.0048,0.0110,0.433,0.0050,0.0111,0.447,10.9,0.3
before,1,bench_leakyrelu_f32_4k,0.0031,0.0026,1.197,0.0032,0.0026,1.201,11.0,0.3
before,1,bench_hardsigmoid_f32_4k,0.0031,0.0025,1.210,0.0031,0.0026,1.214,10.9,0.3
before,1,bench_thresholdedrelu_f32_4k,0.0031,0.0023,1.341,0.0032,0.0023,1.350,10.9,0.3
before,1,bench_selu_f32_4k,0.0050,0.0110,0.452,0.0051,0.0111,0.457,10.9,0.2
before,1,bench_celu_f32_4k,0.0052,0.0121,0.427,0.0053,0.0122,0.432,10.9,0.3
before,1,bench_mish_f32_4k,0.0163,0.0627,0.260,0.0165,0.0631,0.261,10.7,0.4
before,1,bench_log_f32_4k,0.0073,0.0100,0.728,0.0074,0.0101,0.731,10.7,0.2
before,1,bench_sqrt_f32_4k,0.0035,0.0036,0.997,0.0036,0.0036,1.005,10.7,0.2
after,1,bench_tanh_f32_4k,0.0039,0.0031,1.282,0.0040,0.0031,1.284,522.6,0.2
after,1,bench_sigmoid_f32_4k,0.0040,0.0032,1.257,0.0041,0.0032,1.266,10.7,0.3
after,1,bench_erf_f32_4k,0.0070,0.0051,1.367,0.0071,0.0051,1.376,10.8,0.3
after,1,bench_elu_f32_4k,0.0046,0.0111,0.414,0.0092,0.0185,0.497,12.8,0.5
after,1,bench_leakyrelu_f32_4k,0.0028,0.0025,1.102,0.0029,0.0026,1.104,10.8,0.3
after,1,bench_hardsigmoid_f32_4k,0.0028,0.0025,1.123,0.0029,0.0026,1.141,10.6,0.3
after,1,bench_thresholdedrelu_f32_4k,0.0028,0.0023,1.197,0.0029,0.0024,1.205,10.6,0.2
after,1,bench_selu_f32_4k,0.0049,0.0111,0.442,0.0050,0.0112,0.448,10.6,0.3
after,1,bench_celu_f32_4k,0.0050,0.0121,0.410,0.0051,0.0122,0.415,10.6,0.3
after,1,bench_mish_f32_4k,0.0166,0.0627,0.265,0.0169,0.0633,0.266,10.6,0.4
after,1,bench_log_f32_4k,0.0071,0.0103,0.692,0.0072,0.0103,0.698,10.8,0.3
after,1,bench_sqrt_f32_4k,0.0033,0.0035,0.940,0.0034,0.0036,0.950,10.8,0.3
before,2,bench_tanh_f32_4k,0.0042,0.0031,1.390,0.0043,0.0031,1.392,553.6,0.3
before,2,bench_sigmoid_f32_4k,0.0042,0.0031,1.352,0.0043,0.0032,1.353,11.4,0.3
before,2,bench_erf_f32_4k,0.0069,0.0051,1.352,0.0069,0.0051,1.351,11.0,0.2
before,2,bench_elu_f32_4k,0.0049,0.0109,0.451,0.0050,0.0109,0.456,10.8,0.3
before,2,bench_leakyrelu_f32_4k,0.0031,0.0026,1.205,0.0032,0.0026,1.209,11.0,0.3
before,2,bench_hardsigmoid_f32_4k,0.0031,0.0025,1.232,0.0032,0.0026,1.236,10.3,0.2
before,2,bench_thresholdedrelu_f32_4k,0.0049,0.0024,2.068,0.0060,0.0048,1.236,10.4,0.3
before,2,bench_selu_f32_4k,0.0058,0.0132,0.439,0.0085,0.0165,0.515,10.7,0.4
before,2,bench_celu_f32_4k,0.0054,0.0123,0.437,0.0055,0.0124,0.442,10.7,0.3
before,2,bench_mish_f32_4k,0.0197,0.0695,0.284,0.0286,0.0832,0.343,10.8,0.4
before,2,bench_log_f32_4k,0.0105,0.0137,0.766,0.0111,0.0142,0.783,11.9,0.4
before,2,bench_sqrt_f32_4k,0.0052,0.0045,1.158,0.0053,0.0045,1.167,13.1,0.3
after,2,bench_tanh_f32_4k,0.0057,0.0043,1.322,0.0057,0.0043,1.329,1071.0,0.3
after,2,bench_sigmoid_f32_4k,0.0058,0.0045,1.293,0.0059,0.0045,1.297,13.3,0.4
after,2,bench_erf_f32_4k,0.0099,0.0065,1.510,0.0100,0.0066,1.517,13.3,0.3
after,2,bench_elu_f32_4k,0.0068,0.0150,0.455,0.0070,0.0152,0.461,13.3,0.3
after,2,bench_leakyrelu_f32_4k,0.0042,0.0042,0.986,0.0043,0.0043,0.995,13.1,0.3
after,2,bench_hardsigmoid_f32_4k,0.0041,0.0041,1.005,0.0042,0.0042,1.014,12.9,0.3
after,2,bench_thresholdedrelu_f32_4k,0.0041,0.0038,1.098,0.0042,0.0038,1.108,12.9,0.3
after,2,bench_selu_f32_4k,0.0071,0.0153,0.464,0.0073,0.0157,0.467,12.7,0.3
after,2,bench_celu_f32_4k,0.0073,0.0163,0.447,0.0075,0.0165,0.453,12.8,0.3
after,2,bench_mish_f32_4k,0.0236,0.0720,0.328,0.0239,0.0745,0.321,12.6,0.4
after,2,bench_log_f32_4k,0.0100,0.0136,0.736,0.0102,0.0138,0.740,13.0,0.3
after,2,bench_sqrt_f32_4k,0.0047,0.0045,1.053,0.0048,0.0045,1.064,13.2,0.3
before,3,bench_tanh_f32_4k,0.0062,0.0044,1.431,0.0065,0.0045,1.428,666.6,0.3
before,3,bench_sigmoid_f32_4k,0.0062,0.0044,1.397,0.0065,0.0046,1.404,12.3,0.3
before,3,bench_erf_f32_4k,0.0101,0.0065,1.562,0.0105,0.0067,1.561,12.1,0.4
before,3,bench_elu_f32_4k,0.0073,0.0150,0.487,0.0076,0.0152,0.499,12.8,0.3
before,3,bench_leakyrelu_f32_4k,0.0031,0.0026,1.192,0.0050,0.0043,1.161,12.7,0.4
before,3,bench_hardsigmoid_f32_4k,0.0048,0.0040,1.187,0.0050,0.0042,1.184,12.6,0.3
before,3,bench_thresholdedrelu_f32_4k,0.0046,0.0035,1.318,0.0050,0.0039,1.284,12.8,0.3
before,3,bench_selu_f32_4k,0.0075,0.0151,0.495,0.0078,0.0153,0.507,12.8,0.5
before,3,bench_celu_f32_4k,0.0075,0.0161,0.464,0.0080,0.0164,0.485,12.7,0.4
before,3,bench_mish_f32_4k,0.0235,0.0715,0.329,0.0242,0.0726,0.333,13.2,0.5
before,3,bench_log_f32_4k,0.0104,0.0136,0.766,0.0108,0.0139,0.780,12.6,0.3
before,3,bench_sqrt_f32_4k,0.0052,0.0046,1.143,0.0055,0.0048,1.144,13.7,0.3
after,3,bench_tanh_f32_4k,0.0042,0.0031,1.331,0.0061,0.0045,1.338,760.9,0.3
after,3,bench_sigmoid_f32_4k,0.0059,0.0046,1.291,0.0062,0.0048,1.296,12.9,0.3
after,3,bench_erf_f32_4k,0.0099,0.0066,1.496,0.0102,0.0068,1.490,12.7,0.3
after,3,bench_elu_f32_4k,0.0068,0.0150,0.452,0.0070,0.0152,0.463,13.1,0.4
after,3,bench_leakyrelu_f32_4k,0.0044,0.0042,1.035,0.0047,0.0044,1.064,12.5,0.4
after,3,bench_hardsigmoid_f32_4k,0.0040,0.0036,1.111,0.0041,0.0037,1.122,12.9,0.3
after,3,bench_thresholdedrelu_f32_4k,0.0043,0.0038,1.140,0.0047,0.0040,1.179,12.3,0.3
after,3,bench_selu_f32_4k,0.0071,0.0150,0.474,0.0075,0.0154,0.485,13.1,0.4
after,3,bench_celu_f32_4k,0.0071,0.0161,0.437,0.0074,0.0164,0.453,12.0,0.3
after,3,bench_mish_f32_4k,0.0232,0.0719,0.323,0.0240,0.0740,0.324,13.3,0.4
after,3,bench_log_f32_4k,0.0101,0.0138,0.733,0.0104,0.0140,0.744,13.6,0.4
after,3,bench_sqrt_f32_4k,0.0049,0.0046,1.061,0.0052,0.0048,1.075,13.3,0.3
