before,1,bench_tanh_f32_1m,0.2229,0.3530,0.632,0.2704,0.3748,0.721,634.6,0.2
before,1,bench_sigmoid_f32_1m,0.2462,0.4001,0.615,0.4216,0.4561,0.924,1.8,0.3
before,1,bench_erf_f32_1m,0.5820,0.8956,0.650,0.6328,0.9722,0.651,1.8,0.3
before,1,bench_gelu_tanh_f32_1m,0.4038,0.6611,0.611,0.4305,0.8501,0.506,1.9,0.3
before,1,bench_gelu_exact_f32_1m,0.6739,1.2809,0.526,0.7738,1.3966,0.554,2.2,0.3
before,1,bench_exp_f32_1m,0.2344,0.4188,0.560,0.2511,0.5320,0.472,1.8,0.3
before,1,bench_relu_f32_1m,0.1620,0.1537,1.054,0.1830,0.1719,1.065,1.8,0.3
before,1,bench_elu_f32_1m,0.3166,3.1323,0.101,0.5109,3.1503,0.162,1.8,0.3
before,1,bench_leakyrelu_f32_1m,0.0936,0.3596,0.260,0.1057,0.3765,0.281,2.4,0.3
before,1,bench_hardsigmoid_f32_1m,0.0953,0.2773,0.344,0.1199,0.2938,0.408,2.4,0.3
before,1,bench_thresholdedrelu_f32_1m,0.0919,0.2405,0.382,0.0989,0.2571,0.385,2.3,0.3
before,1,bench_selu_f32_1m,0.3362,3.1487,0.107,0.4417,3.1642,0.140,2.3,0.3
before,1,bench_celu_f32_1m,0.3555,3.4692,0.102,0.5654,3.5221,0.161,2.3,0.3
before,1,bench_mish_f32_1m,1.5661,15.7791,0.099,2.6122,17.3741,0.150,1.8,0.3
before,1,bench_log_f32_1m,0.5983,2.2796,0.262,0.7755,2.8141,0.276,1.9,0.2
before,1,bench_sqrt_f32_1m,0.1566,0.4778,0.328,0.2742,0.4860,0.564,1.9,0.3
before,1,bench_quickgelu_f32_1m,0.3133,0.7129,0.439,0.4903,0.7374,0.665,1.9,0.3
before,1,bench_fastgelu_f32_1m,0.4041,0.6701,0.603,0.5225,0.8402,0.622,2.1,0.3
after,1,bench_tanh_f32_1m,0.3229,0.4323,0.747,3.2762,0.4670,7.016,1151.2,3.4
after,1,bench_sigmoid_f32_1m,0.2624,0.4752,0.552,3.4347,0.5219,6.582,2.4,0.4
after,1,bench_erf_f32_1m,0.6218,1.0748,0.579,3.9189,1.1107,3.528,2.4,0.3
after,1,bench_gelu_tanh_f32_1m,0.4150,0.6459,0.643,0.8832,0.9992,0.884,5.4,0.3
after,1,bench_gelu_exact_f32_1m,0.6726,1.1545,0.583,0.7090,1.1821,0.600,1.8,0.3
after,1,bench_exp_f32_1m,0.2384,0.4082,0.584,0.2560,0.4270,0.600,1.8,0.3
after,1,bench_relu_f32_1m,0.1296,0.1273,1.019,0.1416,0.1395,1.015,1.8,0.2
after,1,bench_elu_f32_1m,0.3158,2.4158,0.131,0.3613,2.4512,0.147,1.8,0.2
after,1,bench_leakyrelu_f32_1m,0.0928,0.2238,0.415,0.1077,0.2375,0.453,1.8,0.2
after,1,bench_hardsigmoid_f32_1m,0.0923,0.2042,0.452,0.1045,0.2161,0.484,1.8,0.2
after,1,bench_thresholdedrelu_f32_1m,0.0931,0.1620,0.574,0.1381,0.1790,0.771,1.8,0.2
after,1,bench_selu_f32_1m,0.3295,2.4471,0.135,0.3729,2.9605,0.126,1.8,0.2
after,1,bench_celu_f32_1m,0.3436,2.7041,0.127,0.3689,2.7273,0.135,2.2,0.3
after,1,bench_mish_f32_1m,1.5353,15.4845,0.099,1.6111,16.9333,0.095,1.8,0.3
after,1,bench_log_f32_1m,0.5788,2.2135,0.261,0.6111,2.6429,0.231,1.8,0.2
after,1,bench_sqrt_f32_1m,0.1467,0.4755,0.309,0.1614,0.4867,0.332,1.8,0.3
after,1,bench_quickgelu_f32_1m,0.3017,0.7112,0.424,0.3244,0.7332,0.442,1.9,0.2
after,1,bench_fastgelu_f32_1m,0.4019,0.6563,0.612,0.4194,0.8339,0.503,1.9,0.3
before,2,bench_tanh_f32_1m,0.2266,0.3616,0.627,0.3181,0.4208,0.756,570.9,0.3
before,2,bench_sigmoid_f32_1m,0.2230,0.3860,0.578,0.2426,0.4513,0.538,1.9,0.2
before,2,bench_erf_f32_1m,0.5817,0.8904,0.653,0.6163,0.9687,0.636,1.9,0.2
before,2,bench_gelu_tanh_f32_1m,0.3973,0.6310,0.630,0.4255,0.6477,0.657,2.0,0.3
before,2,bench_gelu_exact_f32_1m,0.6688,1.1495,0.582,0.7106,1.3243,0.537,1.9,0.3
before,2,bench_exp_f32_1m,0.2376,0.4082,0.582,0.2539,0.4239,0.599,1.9,0.3
before,2,bench_relu_f32_1m,0.1302,0.1274,1.023,0.1430,0.1399,1.022,1.9,0.2
before,2,bench_elu_f32_1m,0.3057,2.4241,0.126,0.3292,2.9449,0.112,2.1,0.4
before,2,bench_leakyrelu_f32_1m,0.0931,0.2293,0.406,0.1117,0.2994,0.373,2.3,0.3
before,2,bench_hardsigmoid_f32_1m,0.0944,0.2050,0.461,0.1369,0.2439,0.561,2.2,0.3
before,2,bench_thresholdedrelu_f32_1m,0.0936,0.1823,0.514,0.1316,0.2477,0.531,1.8,0.2
before,2,bench_selu_f32_1m,0.3315,2.4563,0.135,0.3551,2.9625,0.120,1.8,0.2
before,2,bench_celu_f32_1m,0.3620,2.8115,0.129,0.3924,3.3728,0.116,1.8,0.3
before,2,bench_mish_f32_1m,1.5343,15.4400,0.099,1.5916,16.9480,0.094,1.8,0.4
before,2,bench_log_f32_1m,0.5876,2.2128,0.266,0.6137,2.2298,0.275,1.8,0.3
before,2,bench_sqrt_f32_1m,0.1484,0.4767,0.311,0.1627,0.4922,0.330,1.8,0.2
before,2,bench_quickgelu_f32_1m,0.3264,0.7169,0.455,0.3667,0.8820,0.416,2.1,0.3
before,2,bench_fastgelu_f32_1m,0.4097,0.6332,0.647,0.4292,0.7858,0.546,1.9,0.2
after,2,bench_tanh_f32_1m,0.2210,0.3508,0.630,0.2411,0.3641,0.662,585.1,0.3
after,2,bench_sigmoid_f32_1m,0.2247,0.3774,0.595,0.2395,0.3896,0.615,1.8,0.2
after,2,bench_erf_f32_1m,0.5817,0.8894,0.654,0.5989,0.8949,0.669,1.8,0.2
after,2,bench_gelu_tanh_f32_1m,0.4030,0.6331,0.636,0.4209,0.6486,0.649,1.9,0.3
after,2,bench_gelu_exact_f32_1m,0.6759,1.1685,0.578,0.7202,1.3726,0.525,1.9,0.2
after,2,bench_exp_f32_1m,0.2389,0.4079,0.586,0.2615,0.4232,0.618,1.8,0.3
after,2,bench_relu_f32_1m,0.1308,0.1277,1.024,0.1428,0.1400,1.020,1.8,0.3
after,2,bench_elu_f32_1m,0.3107,2.4130,0.129,0.3409,2.4356,0.140,1.9,0.3
after,2,bench_leakyrelu_f32_1m,0.0926,0.2234,0.415,0.1004,0.2368,0.424,1.8,0.2
after,2,bench_hardsigmoid_f32_1m,0.0920,0.2040,0.451,0.1051,0.2196,0.478,1.9,0.3
after,2,bench_thresholdedrelu_f32_1m,0.0782,0.1559,0.502,0.1136,0.1746,0.650,1.9,0.2
after,2,bench_selu_f32_1m,0.3445,2.4400,0.141,0.3887,3.1444,0.124,2.2,0.3
after,2,bench_celu_f32_1m,0.3509,2.7039,0.130,0.4058,3.2565,0.125,1.9,0.2
after,2,bench_mish_f32_1m,1.5322,15.4461,0.099,1.5862,16.9693,0.093,1.8,0.3
after,2,bench_log_f32_1m,0.5755,2.6334,0.219,0.7211,2.6624,0.271,2.2,0.3
after,2,bench_sqrt_f32_1m,0.1471,0.4769,0.308,0.1616,0.4840,0.334,1.8,0.3
after,2,bench_quickgelu_f32_1m,0.3169,0.7109,0.446,0.3346,0.8759,0.382,2.2,0.3
after,2,bench_fastgelu_f32_1m,0.4018,0.6423,0.626,0.4293,0.6647,0.646,2.2,0.3
before,3,bench_tanh_f32_1m,0.5692,0.4399,1.294,0.7627,0.5125,1.488,762.1,0.4
before,3,bench_sigmoid_f32_1m,0.7499,0.4804,1.561,0.8611,0.7205,1.195,2.7,0.3
before,3,bench_erf_f32_1m,1.3712,1.0144,1.352,1.8533,1.1472,1.616,3.0,0.4
before,3,bench_gelu_tanh_f32_1m,0.9436,0.8982,1.051,1.1694,0.9619,1.216,2.7,0.4
before,3,bench_gelu_exact_f32_1m,1.8887,1.5380,1.228,3.4649,1.7538,1.976,2.9,0.4
before,3,bench_exp_f32_1m,0.5214,0.5647,0.923,0.6900,0.5890,1.171,2.6,0.3
before,3,bench_relu_f32_1m,0.1939,0.1802,1.076,0.2163,0.2001,1.081,2.6,0.4
before,3,bench_elu_f32_1m,0.7347,3.1451,0.234,1.0639,3.2176,0.331,2.7,0.4
before,3,bench_leakyrelu_f32_1m,0.2410,0.3366,0.716,0.3255,0.3658,0.890,2.8,0.4
before,3,bench_hardsigmoid_f32_1m,0.1693,0.2802,0.604,0.3289,0.3116,1.056,2.7,0.3
before,3,bench_thresholdedrelu_f32_1m,0.1622,0.2496,0.650,0.2327,0.2661,0.874,2.3,0.3
before,3,bench_selu_f32_1m,0.4874,3.2035,0.152,0.8313,3.4104,0.244,2.5,0.4
before,3,bench_celu_f32_1m,0.6730,3.5346,0.190,1.0590,4.3801,0.242,2.9,0.4
before,3,bench_mish_f32_1m,1.5882,17.3108,0.092,2.8301,17.6374,0.160,2.4,0.5
before,3,bench_log_f32_1m,0.5769,2.2422,0.257,0.6292,2.6630,0.236,2.3,0.3
before,3,bench_sqrt_f32_1m,0.1553,0.4833,0.321,0.2840,0.4949,0.574,2.3,0.3
before,3,bench_quickgelu_f32_1m,0.3124,0.7206,0.434,0.3457,0.8814,0.392,1.9,0.2
before,3,bench_fastgelu_f32_1m,0.3990,0.6467,0.617,0.4331,0.8262,0.524,1.9,0.2
after,3,bench_tanh_f32_1m,0.2621,0.3770,0.695,0.4395,0.4223,1.041,556.2,0.3
after,3,bench_sigmoid_f32_1m,0.2202,0.3785,0.582,0.2365,0.3952,0.598,2.3,0.3
after,3,bench_erf_f32_1m,0.5808,0.8918,0.651,0.6043,0.9172,0.659,2.3,0.3
after,3,bench_gelu_tanh_f32_1m,0.4046,0.6428,0.629,0.4403,0.7040,0.625,2.3,0.3
after,3,bench_gelu_exact_f32_1m,0.6666,1.1534,0.578,0.6939,1.3232,0.524,2.2,0.3
after,3,bench_exp_f32_1m,0.2342,0.4123,0.568,0.2552,0.4578,0.557,1.9,0.2
after,3,bench_relu_f32_1m,0.1297,0.1274,1.018,0.1415,0.1388,1.020,1.9,0.2
after,3,bench_elu_f32_1m,0.3131,2.4208,0.129,0.3819,2.9518,0.129,1.9,0.2
after,3,bench_leakyrelu_f32_1m,0.0944,0.2280,0.414,0.1399,0.3108,0.450,1.9,0.2
after,3,bench_hardsigmoid_f32_1m,0.0962,0.2373,0.405,0.1730,0.2760,0.627,1.9,0.3
after,3,bench_thresholdedrelu_f32_1m,0.0928,0.1841,0.504,0.1278,0.2485,0.514,2.2,0.3
after,3,bench_selu_f32_1m,0.3326,2.4461,0.136,0.3597,2.9541,0.122,1.8,0.2
after,3,bench_celu_f32_1m,0.3474,2.6999,0.129,0.3653,2.7147,0.135,1.9,0.3
after,3,bench_mish_f32_1m,1.5238,15.3950,0.099,1.5699,15.4452,0.102,1.9,0.4
after,3,bench_log_f32_1m,0.5743,2.2175,0.259,0.6240,2.6506,0.235,1.9,0.3
after,3,bench_sqrt_f32_1m,0.1468,0.4806,0.305,0.1825,0.5460,0.334,1.9,0.2
after,3,bench_quickgelu_f32_1m,0.3106,0.7232,0.429,0.4463,0.8840,0.505,1.9,0.2
after,3,bench_fastgelu_f32_1m,0.3906,0.6451,0.606,0.4111,0.6589,0.624,1.9,0.2
