native,ort,ratio,np90,op90,nmin,omin,nspread,ospread,parity,model,threads,trial,arm
1.312,0.856,1.534,2.206,0.899,1.247,0.843,1.68,1.05,PASS,sm_bert_b8_s128,1,0,base
1.043,0.846,1.232,1.955,0.852,1.008,0.825,1.87,1.01,PASS,sm_bert_b8_s128,1,0,new
1.039,0.836,1.243,1.91,0.858,1.013,0.815,1.84,1.03,PASS,sm_bert_b8_s128,1,1,new
1.291,0.822,1.571,2.148,0.836,1.234,0.817,1.66,1.02,PASS,sm_bert_b8_s128,1,1,base
1.286,0.828,1.553,2.192,0.832,1.22,0.821,1.7,1.0,PASS,sm_bert_b8_s128,1,2,base
1.08,0.844,1.28,2.0,0.851,1.037,0.841,1.85,1.01,PASS,sm_bert_b8_s128,1,2,new
1.071,0.847,1.265,1.986,0.855,1.03,0.839,1.85,1.01,PASS,sm_bert_b8_s128,1,3,new
1.327,0.836,1.586,2.22,0.857,1.284,0.82,1.67,1.03,PASS,sm_bert_b8_s128,1,3,base
1.301,0.826,1.574,2.123,0.833,1.226,0.816,1.63,1.01,PASS,sm_bert_b8_s128,1,4,base
1.015,0.823,1.233,1.929,0.831,1.003,0.813,1.9,1.01,PASS,sm_bert_b8_s128,1,4,new
0.591,0.139,4.244,1.041,0.198,0.507,0.114,1.76,1.42,PASS,sm_bert_b8_s128,8,0,base
0.52,0.133,3.915,1.058,0.192,0.424,0.117,2.03,1.45,PASS,sm_bert_b8_s128,8,0,new
0.543,0.148,3.668,0.871,0.198,0.427,0.115,1.61,1.34,PASS,sm_bert_b8_s128,8,1,new
0.638,0.18,3.553,1.157,0.202,0.512,0.141,1.81,1.13,PASS,sm_bert_b8_s128,8,1,base
0.583,0.134,4.369,0.651,0.188,0.492,0.113,1.12,1.41,PASS,sm_bert_b8_s128,8,2,base
0.627,0.128,4.89,1.133,0.153,0.455,0.115,1.81,1.19,PASS,sm_bert_b8_s128,8,2,new
0.548,0.14,3.923,1.007,0.194,0.394,0.116,1.84,1.39,PASS,sm_bert_b8_s128,8,3,new
0.552,0.133,4.145,1.106,0.167,0.493,0.115,2.0,1.25,PASS,sm_bert_b8_s128,8,3,base
0.716,0.19,3.764,1.177,0.21,0.645,0.177,1.64,1.1,PASS,sm_bert_b8_s128,8,4,base
0.451,0.129,3.49,0.884,0.14,0.409,0.115,1.96,1.08,PASS,sm_bert_b8_s128,8,4,new
1.025,0.12,8.543,1.1,0.141,0.81,0.102,1.07,1.18,PASS,sm_bert_b8_s128,16,0,base
0.449,0.111,4.049,0.696,0.127,0.365,0.099,1.55,1.15,PASS,sm_bert_b8_s128,16,0,new
0.408,0.105,3.875,0.603,0.111,0.352,0.1,1.48,1.05,PASS,sm_bert_b8_s128,16,1,new
0.688,0.114,6.046,0.957,0.135,0.616,0.102,1.39,1.18,PASS,sm_bert_b8_s128,16,1,base
0.768,0.107,7.163,1.065,0.121,0.632,0.099,1.39,1.13,PASS,sm_bert_b8_s128,16,2,base
0.5,0.115,4.33,0.758,0.122,0.424,0.102,1.52,1.06,PASS,sm_bert_b8_s128,16,2,new
0.565,0.102,5.531,1.0,0.114,0.451,0.096,1.77,1.12,PASS,sm_bert_b8_s128,16,3,new
0.91,0.112,8.096,1.205,0.126,0.633,0.098,1.32,1.12,PASS,sm_bert_b8_s128,16,3,base
0.698,0.111,6.315,0.977,0.121,0.476,0.098,1.4,1.1,PASS,sm_bert_b8_s128,16,4,base
0.603,0.106,5.686,0.981,0.126,0.507,0.098,1.63,1.19,PASS,sm_bert_b8_s128,16,4,new
0.024,0.018,1.317,0.027,0.066,0.023,0.017,1.12,3.62,PASS,sm_decode_h32_kv1024,1,0,base
0.02,0.018,1.157,0.037,0.019,0.02,0.017,1.82,1.05,PASS,sm_decode_h32_kv1024,1,0,new
0.02,0.017,1.176,0.023,0.018,0.02,0.017,1.11,1.04,PASS,sm_decode_h32_kv1024,1,1,new
0.025,0.018,1.373,0.037,0.019,0.023,0.017,1.51,1.05,PASS,sm_decode_h32_kv1024,1,1,base
0.028,0.018,1.556,0.029,0.018,0.025,0.017,1.05,1.01,PASS,sm_decode_h32_kv1024,1,2,base
0.033,0.024,1.384,0.038,0.025,0.027,0.023,1.14,1.03,PASS,sm_decode_h32_kv1024,1,2,new
0.027,0.024,1.125,0.029,0.025,0.025,0.022,1.08,1.02,PASS,sm_decode_h32_kv1024,1,3,new
0.024,0.018,1.352,0.026,0.018,0.023,0.017,1.07,1.03,PASS,sm_decode_h32_kv1024,1,3,base
0.024,0.018,1.386,0.041,0.019,0.023,0.017,1.67,1.06,PASS,sm_decode_h32_kv1024,1,4,base
0.022,0.017,1.286,0.025,0.018,0.02,0.017,1.11,1.01,PASS,sm_decode_h32_kv1024,1,4,new
0.029,0.013,2.281,0.063,0.015,0.026,0.012,2.19,1.17,PASS,sm_decode_h32_kv1024,8,0,base
0.023,0.012,1.959,0.045,0.013,0.021,0.011,1.98,1.13,PASS,sm_decode_h32_kv1024,8,0,new
0.02,0.012,1.742,0.022,0.012,0.02,0.011,1.07,1.05,PASS,sm_decode_h32_kv1024,8,1,new
0.032,0.014,2.324,0.032,0.015,0.03,0.013,1.02,1.1,PASS,sm_decode_h32_kv1024,8,1,base
0.032,0.015,2.217,0.033,0.015,0.031,0.013,1.02,1.03,PASS,sm_decode_h32_kv1024,8,2,base
0.029,0.015,1.958,0.03,0.016,0.027,0.014,1.03,1.07,PASS,sm_decode_h32_kv1024,8,2,new
0.023,0.012,1.862,0.026,0.035,0.021,0.011,1.17,2.89,PASS,sm_decode_h32_kv1024,8,3,new
0.038,0.014,2.625,0.039,0.017,0.035,0.013,1.04,1.18,PASS,sm_decode_h32_kv1024,8,3,base
0.026,0.012,2.23,0.029,0.013,0.026,0.011,1.09,1.13,PASS,sm_decode_h32_kv1024,8,4,base
0.021,0.009,2.244,0.021,0.009,0.02,0.009,1.02,1.03,PASS,sm_decode_h32_kv1024,8,4,new
0.038,0.015,2.515,0.057,0.017,0.033,0.013,1.52,1.16,PASS,sm_decode_h32_kv1024,16,0,base
0.031,0.015,2.055,0.033,0.016,0.027,0.015,1.07,1.06,PASS,sm_decode_h32_kv1024,16,0,new
0.029,0.014,2.092,0.047,0.015,0.028,0.013,1.61,1.06,PASS,sm_decode_h32_kv1024,16,1,new
0.038,0.015,2.605,0.059,0.016,0.035,0.014,1.54,1.09,PASS,sm_decode_h32_kv1024,16,1,base
0.024,0.012,2.082,0.025,0.012,0.023,0.011,1.05,1.07,PASS,sm_decode_h32_kv1024,16,2,base
0.028,0.014,2.049,0.03,0.018,0.026,0.013,1.09,1.3,PASS,sm_decode_h32_kv1024,16,2,new
0.027,0.013,2.047,0.028,0.017,0.026,0.013,1.04,1.24,PASS,sm_decode_h32_kv1024,16,3,new
0.026,0.012,2.076,0.046,0.013,0.024,0.011,1.76,1.06,PASS,sm_decode_h32_kv1024,16,3,base
0.033,0.014,2.447,0.035,0.018,0.032,0.012,1.04,1.34,PASS,sm_decode_h32_kv1024,16,4,base
0.027,0.012,2.225,0.028,0.013,0.026,0.012,1.04,1.09,PASS,sm_decode_h32_kv1024,16,4,new
0.048,0.033,1.43,0.052,0.034,0.045,0.03,1.08,1.02,PASS,sm_decode_h32_kv2048,1,0,base
0.052,0.045,1.161,0.053,0.062,0.048,0.041,1.01,1.37,PASS,sm_decode_h32_kv2048,1,0,new
0.051,0.045,1.129,0.053,0.064,0.049,0.042,1.04,1.4,PASS,sm_decode_h32_kv2048,1,1,new
0.064,0.046,1.389,0.082,0.047,0.062,0.042,1.28,1.02,PASS,sm_decode_h32_kv2048,1,1,base
0.065,0.047,1.369,0.07,0.048,0.063,0.043,1.08,1.02,PASS,sm_decode_h32_kv2048,1,2,base
0.052,0.045,1.17,0.07,0.046,0.049,0.042,1.33,1.03,PASS,sm_decode_h32_kv2048,1,2,new
0.039,0.033,1.197,0.04,0.055,0.037,0.03,1.03,1.68,PASS,sm_decode_h32_kv2048,1,3,new
0.047,0.033,1.459,0.048,0.033,0.045,0.03,1.02,1.03,PASS,sm_decode_h32_kv2048,1,3,base
0.06,0.042,1.427,0.06,0.043,0.057,0.039,1.01,1.02,PASS,sm_decode_h32_kv2048,1,4,base
0.052,0.044,1.168,0.066,0.045,0.048,0.041,1.28,1.01,PASS,sm_decode_h32_kv2048,1,4,new
0.055,0.016,3.42,0.055,0.019,0.053,0.015,1.01,1.18,PASS,sm_decode_h32_kv2048,8,0,base
0.044,0.015,2.868,0.046,0.016,0.043,0.015,1.04,1.02,PASS,sm_decode_h32_kv2048,8,0,new
0.053,0.018,2.916,0.055,0.04,0.05,0.016,1.04,2.2,PASS,sm_decode_h32_kv2048,8,1,new
0.048,0.017,2.864,0.071,0.019,0.045,0.016,1.49,1.13,PASS,sm_decode_h32_kv2048,8,1,base
0.062,0.021,2.909,0.063,0.022,0.06,0.018,1.02,1.01,PASS,sm_decode_h32_kv2048,8,2,base
0.045,0.015,3.001,0.047,0.016,0.042,0.014,1.04,1.05,PASS,sm_decode_h32_kv2048,8,2,new
0.061,0.017,3.497,0.066,0.02,0.056,0.016,1.08,1.16,PASS,sm_decode_h32_kv2048,8,3,new
0.076,0.018,4.194,0.077,0.021,0.073,0.016,1.01,1.17,PASS,sm_decode_h32_kv2048,8,3,base
0.047,0.012,3.925,0.049,0.013,0.046,0.011,1.03,1.05,PASS,sm_decode_h32_kv2048,8,4,base
0.061,0.023,2.617,0.063,0.027,0.057,0.014,1.04,1.18,PASS,sm_decode_h32_kv2048,8,4,new
0.062,0.017,3.731,0.079,0.018,0.06,0.014,1.27,1.06,PASS,sm_decode_h32_kv2048,16,0,base
0.052,0.021,2.521,0.053,0.022,0.049,0.019,1.02,1.06,PASS,sm_decode_h32_kv2048,16,0,new
0.051,0.017,3.008,0.054,0.018,0.048,0.015,1.07,1.06,PASS,sm_decode_h32_kv2048,16,1,new
0.073,0.018,4.033,0.076,0.019,0.071,0.016,1.04,1.04,PASS,sm_decode_h32_kv2048,16,1,base
0.064,0.018,3.546,0.083,0.02,0.061,0.016,1.3,1.09,PASS,sm_decode_h32_kv2048,16,2,base
0.051,0.016,3.137,0.053,0.02,0.049,0.015,1.03,1.24,PASS,sm_decode_h32_kv2048,16,2,new
0.05,0.017,2.927,0.053,0.02,0.048,0.016,1.06,1.19,PASS,sm_decode_h32_kv2048,16,3,new
0.073,0.019,3.807,0.092,0.021,0.071,0.016,1.27,1.12,PASS,sm_decode_h32_kv2048,16,3,base
0.076,0.019,3.993,0.078,0.02,0.074,0.017,1.03,1.05,PASS,sm_decode_h32_kv2048,16,4,base
0.051,0.017,2.915,0.054,0.019,0.048,0.016,1.07,1.09,PASS,sm_decode_h32_kv2048,16,4,new
0.092,0.063,1.459,0.093,0.082,0.091,0.061,1.01,1.3,PASS,sm_decode_h32_kv4096,1,0,base
0.075,0.063,1.184,0.076,0.094,0.074,0.061,1.02,1.48,PASS,sm_decode_h32_kv4096,1,0,new
0.075,0.063,1.201,0.078,0.077,0.073,0.061,1.03,1.22,PASS,sm_decode_h32_kv4096,1,1,new
0.094,0.063,1.486,0.102,0.075,0.091,0.061,1.09,1.19,PASS,sm_decode_h32_kv4096,1,1,base
0.092,0.063,1.467,0.103,0.064,0.091,0.061,1.11,1.01,PASS,sm_decode_h32_kv4096,1,2,base
0.075,0.063,1.205,0.104,0.065,0.073,0.061,1.38,1.03,PASS,sm_decode_h32_kv4096,1,2,new
0.076,0.063,1.193,0.104,0.065,0.074,0.061,1.37,1.02,PASS,sm_decode_h32_kv4096,1,3,new
0.092,0.063,1.458,0.104,0.064,0.091,0.061,1.13,1.01,PASS,sm_decode_h32_kv4096,1,3,base
0.093,0.063,1.46,0.124,0.065,0.091,0.061,1.34,1.03,PASS,sm_decode_h32_kv4096,1,4,base
0.08,0.064,1.257,0.095,0.067,0.074,0.061,1.19,1.05,PASS,sm_decode_h32_kv4096,1,4,new
0.105,0.017,6.192,0.117,0.022,0.104,0.016,1.11,1.29,PASS,sm_decode_h32_kv4096,8,0,base
0.112,0.023,4.917,0.133,0.027,0.108,0.019,1.19,1.17,PASS,sm_decode_h32_kv4096,8,0,new
0.089,0.02,4.534,0.097,0.02,0.087,0.017,1.1,1.04,PASS,sm_decode_h32_kv4096,8,1,new
0.095,0.018,5.188,0.115,0.02,0.092,0.017,1.21,1.11,PASS,sm_decode_h32_kv4096,8,1,base
0.096,0.017,5.626,0.104,0.039,0.092,0.016,1.09,2.27,PASS,sm_decode_h32_kv4096,8,2,base
0.083,0.018,4.514,0.107,0.02,0.076,0.016,1.29,1.11,PASS,sm_decode_h32_kv4096,8,2,new
0.099,0.024,4.05,0.119,0.026,0.096,0.022,1.2,1.04,PASS,sm_decode_h32_kv4096,8,3,new
0.094,0.018,5.099,0.109,0.022,0.092,0.016,1.17,1.19,PASS,sm_decode_h32_kv4096,8,3,base
0.093,0.018,5.083,0.114,0.019,0.092,0.017,1.24,1.06,PASS,sm_decode_h32_kv4096,8,4,base
0.112,0.023,4.862,0.132,0.024,0.109,0.021,1.18,1.06,PASS,sm_decode_h32_kv4096,8,4,new
0.12,0.02,5.961,0.135,0.024,0.116,0.017,1.12,1.19,PASS,sm_decode_h32_kv4096,16,0,base
0.102,0.021,4.866,0.105,0.023,0.097,0.017,1.03,1.09,PASS,sm_decode_h32_kv4096,16,0,new
0.1,0.021,4.703,0.118,0.022,0.1,0.019,1.17,1.02,PASS,sm_decode_h32_kv4096,16,1,new
0.136,0.02,6.675,0.138,0.057,0.119,0.018,1.02,2.82,PASS,sm_decode_h32_kv4096,16,1,base
0.131,0.025,5.314,0.135,0.027,0.126,0.021,1.03,1.09,PASS,sm_decode_h32_kv4096,16,2,base
0.119,0.022,5.45,0.135,0.025,0.113,0.021,1.13,1.15,PASS,sm_decode_h32_kv4096,16,2,new
0.106,0.021,4.927,0.117,0.037,0.098,0.018,1.1,1.72,PASS,sm_decode_h32_kv4096,16,3,new
0.131,0.023,5.637,0.148,0.025,0.119,0.02,1.13,1.07,PASS,sm_decode_h32_kv4096,16,3,base
0.134,0.022,6.003,0.152,0.024,0.133,0.02,1.14,1.06,PASS,sm_decode_h32_kv4096,16,4,base
0.115,0.025,4.681,0.136,0.036,0.109,0.02,1.18,1.45,PASS,sm_decode_h32_kv4096,16,4,new
0.186,0.121,1.535,0.267,0.16,0.181,0.119,1.44,1.32,PASS,sm_decode_h32_kv8192,1,0,base
0.149,0.122,1.22,0.171,0.182,0.146,0.119,1.15,1.49,PASS,sm_decode_h32_kv8192,1,0,new
0.146,0.119,1.222,0.169,0.193,0.144,0.118,1.16,1.61,PASS,sm_decode_h32_kv8192,1,1,new
0.182,0.12,1.516,0.253,0.195,0.18,0.118,1.39,1.63,PASS,sm_decode_h32_kv8192,1,1,base
0.184,0.123,1.5,0.198,0.159,0.178,0.119,1.08,1.3,PASS,sm_decode_h32_kv8192,1,2,base
0.146,0.121,1.211,0.227,0.122,0.144,0.119,1.56,1.01,PASS,sm_decode_h32_kv8192,1,2,new
0.15,0.12,1.243,0.209,0.124,0.146,0.119,1.4,1.03,PASS,sm_decode_h32_kv8192,1,3,new
0.178,0.125,1.425,0.269,0.152,0.176,0.122,1.51,1.21,PASS,sm_decode_h32_kv8192,1,3,base
0.18,0.12,1.499,0.254,0.147,0.178,0.119,1.41,1.23,PASS,sm_decode_h32_kv8192,1,4,base
0.147,0.12,1.221,0.236,0.121,0.145,0.118,1.61,1.01,PASS,sm_decode_h32_kv8192,1,4,new
0.229,0.037,6.277,0.244,0.041,0.226,0.034,1.07,1.13,PASS,sm_decode_h32_kv8192,8,0,base
0.146,0.028,5.239,0.165,0.044,0.144,0.025,1.13,1.58,PASS,sm_decode_h32_kv8192,8,0,new
0.149,0.025,6.027,0.167,0.025,0.147,0.022,1.12,1.03,PASS,sm_decode_h32_kv8192,8,1,new
0.231,0.038,6.049,0.246,0.049,0.227,0.033,1.07,1.29,PASS,sm_decode_h32_kv8192,8,1,base
0.228,0.036,6.293,0.246,0.038,0.226,0.033,1.08,1.06,PASS,sm_decode_h32_kv8192,8,2,base
0.149,0.025,5.981,0.168,0.044,0.147,0.024,1.12,1.77,PASS,sm_decode_h32_kv8192,8,2,new
0.19,0.037,5.195,0.207,0.038,0.188,0.033,1.09,1.03,PASS,sm_decode_h32_kv8192,8,3,new
0.185,0.025,7.299,0.204,0.031,0.178,0.023,1.11,1.21,PASS,sm_decode_h32_kv8192,8,3,base
0.225,0.037,6.036,0.242,0.042,0.222,0.033,1.07,1.13,PASS,sm_decode_h32_kv8192,8,4,base
0.192,0.038,5.05,0.206,0.054,0.19,0.035,1.07,1.41,PASS,sm_decode_h32_kv8192,8,4,new
0.232,0.03,7.765,0.247,0.032,0.224,0.023,1.07,1.08,PASS,sm_decode_h32_kv8192,16,0,base
0.192,0.027,7.099,0.217,0.029,0.191,0.024,1.13,1.06,PASS,sm_decode_h32_kv8192,16,0,new
0.189,0.029,6.532,0.205,0.039,0.188,0.026,1.09,1.35,PASS,sm_decode_h32_kv8192,16,1,new
0.232,0.026,8.943,0.248,0.072,0.226,0.022,1.07,2.77,PASS,sm_decode_h32_kv8192,16,1,base
0.226,0.031,7.322,0.245,0.034,0.225,0.026,1.08,1.09,PASS,sm_decode_h32_kv8192,16,2,base
0.192,0.028,6.961,0.225,0.028,0.191,0.023,1.17,1.02,PASS,sm_decode_h32_kv8192,16,2,new
0.191,0.029,6.571,0.224,0.033,0.19,0.024,1.17,1.12,PASS,sm_decode_h32_kv8192,16,3,new
0.228,0.029,7.912,0.259,0.031,0.224,0.026,1.14,1.09,PASS,sm_decode_h32_kv8192,16,3,base
0.229,0.03,7.667,0.248,0.067,0.224,0.026,1.08,2.24,PASS,sm_decode_h32_kv8192,16,4,base
0.151,0.027,5.593,0.164,0.046,0.148,0.025,1.09,1.69,PASS,sm_decode_h32_kv8192,16,4,new
7.536,4.278,1.761,7.607,4.295,7.44,4.237,1.01,1.0,PASS,sm_prefill_h32_s512,1,0,base
5.648,4.244,1.331,5.685,4.29,5.607,4.212,1.01,1.01,PASS,sm_prefill_h32_s512,1,0,new
5.612,4.186,1.341,5.661,4.251,5.591,4.161,1.01,1.02,PASS,sm_prefill_h32_s512,1,1,new
7.486,4.233,1.768,7.603,4.262,7.443,4.213,1.02,1.01,PASS,sm_prefill_h32_s512,1,1,base
7.527,4.26,1.767,7.642,4.339,7.489,4.238,1.02,1.02,PASS,sm_prefill_h32_s512,1,2,base
5.61,4.219,1.33,5.654,4.269,5.569,4.185,1.01,1.01,PASS,sm_prefill_h32_s512,1,2,new
5.702,4.284,1.331,5.791,4.295,5.63,4.2,1.02,1.0,PASS,sm_prefill_h32_s512,1,3,new
7.502,4.221,1.777,7.666,4.313,7.476,4.189,1.02,1.02,PASS,sm_prefill_h32_s512,1,3,base
7.579,4.299,1.763,7.724,4.313,7.438,4.257,1.02,1.0,PASS,sm_prefill_h32_s512,1,4,base
5.641,4.244,1.329,5.714,4.269,5.617,4.189,1.01,1.01,PASS,sm_prefill_h32_s512,1,4,new
4.458,1.057,4.218,4.983,1.116,4.097,0.753,1.12,1.06,PASS,sm_prefill_h32_s512,8,0,base
2.656,0.941,2.822,3.124,1.137,2.317,0.719,1.18,1.21,PASS,sm_prefill_h32_s512,8,0,new
3.027,1.638,1.848,3.613,1.755,2.386,1.327,1.19,1.07,PASS,sm_prefill_h32_s512,8,1,new
4.63,1.133,4.086,4.772,1.352,4.085,0.713,1.03,1.19,PASS,sm_prefill_h32_s512,8,1,base
4.271,1.086,3.933,4.852,1.287,3.727,0.669,1.14,1.19,PASS,sm_prefill_h32_s512,8,2,base
2.815,1.094,2.574,3.061,1.336,2.496,0.91,1.09,1.22,PASS,sm_prefill_h32_s512,8,2,new
2.894,1.101,2.629,3.114,1.146,2.301,0.736,1.08,1.04,PASS,sm_prefill_h32_s512,8,3,new
4.619,1.107,4.173,4.727,1.161,4.372,0.835,1.02,1.05,PASS,sm_prefill_h32_s512,8,3,base
4.58,1.273,3.598,4.989,1.352,4.349,0.977,1.09,1.06,PASS,sm_prefill_h32_s512,8,4,base
2.721,1.07,2.544,3.047,1.318,2.382,0.718,1.12,1.23,PASS,sm_prefill_h32_s512,8,4,new
4.896,1.184,4.134,5.28,1.25,4.516,0.712,1.08,1.06,PASS,sm_prefill_h32_s512,16,0,base
2.764,1.09,2.536,2.818,1.114,2.091,0.663,1.02,1.02,PASS,sm_prefill_h32_s512,16,0,new
2.782,1.255,2.217,3.063,1.285,2.465,0.796,1.1,1.02,PASS,sm_prefill_h32_s512,16,1,new
4.368,1.164,3.752,4.536,1.242,3.956,0.705,1.04,1.07,PASS,sm_prefill_h32_s512,16,1,base
4.38,1.087,4.03,4.694,1.129,4.031,0.612,1.07,1.04,PASS,sm_prefill_h32_s512,16,2,base
2.756,1.032,2.671,3.027,1.084,2.163,0.668,1.1,1.05,PASS,sm_prefill_h32_s512,16,2,new
2.51,1.048,2.394,3.28,1.156,1.847,0.593,1.31,1.1,PASS,sm_prefill_h32_s512,16,3,new
4.475,1.136,3.94,4.791,1.187,4.176,0.639,1.07,1.05,PASS,sm_prefill_h32_s512,16,3,base
4.446,1.073,4.145,4.695,1.13,3.996,0.6,1.06,1.05,PASS,sm_prefill_h32_s512,16,4,base
2.456,0.943,2.605,2.79,1.029,1.916,0.517,1.14,1.09,PASS,sm_prefill_h32_s512,16,4,new
44.417,26.54,1.674,45.17,26.675,44.226,26.316,1.02,1.01,PASS,sm_whisper_cross,1,0,base
36.678,26.697,1.374,37.004,26.826,36.292,26.639,1.01,1.0,PASS,sm_whisper_cross,1,0,new
36.645,26.822,1.366,37.167,26.868,36.351,26.765,1.01,1.0,PASS,sm_whisper_cross,1,1,new
44.969,26.841,1.675,45.208,26.914,44.794,26.657,1.01,1.0,PASS,sm_whisper_cross,1,1,base
44.964,26.661,1.687,45.053,26.793,44.527,26.564,1.0,1.0,PASS,sm_whisper_cross,1,2,base
36.412,26.766,1.36,36.625,26.863,36.356,26.701,1.01,1.0,PASS,sm_whisper_cross,1,2,new
36.482,26.712,1.366,36.798,27.107,36.265,26.375,1.01,1.01,PASS,sm_whisper_cross,1,3,new
44.791,26.597,1.684,45.061,26.726,44.155,26.304,1.01,1.0,PASS,sm_whisper_cross,1,3,base
44.788,26.701,1.677,45.002,26.873,44.689,26.565,1.0,1.01,PASS,sm_whisper_cross,1,4,base
36.491,26.86,1.359,36.956,26.911,36.391,26.658,1.01,1.0,PASS,sm_whisper_cross,1,4,new
25.061,4.992,5.021,25.343,5.058,24.842,4.707,1.01,1.01,PASS,sm_whisper_cross,8,0,base
18.158,6.011,3.021,18.678,7.414,17.001,5.89,1.03,1.23,PASS,sm_whisper_cross,8,0,new
18.435,8.33,2.213,18.779,8.497,16.386,6.027,1.02,1.02,PASS,sm_whisper_cross,8,1,new
25.235,5.869,4.299,27.601,6.245,24.945,4.93,1.09,1.06,PASS,sm_whisper_cross,8,1,base
26.222,6.046,4.337,28.025,7.475,25.619,5.842,1.07,1.24,PASS,sm_whisper_cross,8,2,base
18.427,4.868,3.786,19.004,5.094,16.502,4.575,1.03,1.05,PASS,sm_whisper_cross,8,2,new
15.872,5.561,2.854,16.015,5.988,15.8,5.377,1.01,1.08,PASS,sm_whisper_cross,8,3,new
26.744,4.932,5.423,28.875,5.048,26.101,4.581,1.08,1.02,PASS,sm_whisper_cross,8,3,base
25.36,5.495,4.615,25.981,5.77,25.013,5.301,1.02,1.05,PASS,sm_whisper_cross,8,4,base
18.391,5.628,3.268,19.531,5.819,17.389,5.381,1.06,1.03,PASS,sm_whisper_cross,8,4,new
24.92,5.934,4.199,25.718,5.969,23.878,5.854,1.03,1.01,PASS,sm_whisper_cross,16,0,base
15.051,5.647,2.665,15.459,5.677,14.693,5.581,1.03,1.01,PASS,sm_whisper_cross,16,0,new
14.986,5.912,2.535,15.752,6.015,14.75,5.776,1.05,1.02,PASS,sm_whisper_cross,16,1,new
24.575,6.171,3.982,26.69,6.293,24.142,6.125,1.09,1.02,PASS,sm_whisper_cross,16,1,base
24.594,5.582,4.406,24.926,5.796,23.918,5.219,1.01,1.04,PASS,sm_whisper_cross,16,2,base
15.258,5.907,2.583,15.504,5.952,14.92,5.833,1.02,1.01,PASS,sm_whisper_cross,16,2,new
15.574,6.934,2.246,15.731,7.063,15.125,6.889,1.01,1.02,PASS,sm_whisper_cross,16,3,new
24.612,5.598,4.397,25.433,5.746,24.368,5.406,1.03,1.03,PASS,sm_whisper_cross,16,3,base
24.143,5.403,4.468,24.551,5.501,23.902,5.035,1.02,1.02,PASS,sm_whisper_cross,16,4,base
15.084,5.948,2.536,15.539,6.011,14.864,5.886,1.03,1.01,PASS,sm_whisper_cross,16,4,new
0.21,0.192,1.093,0.235,0.202,0.2,0.19,1.12,1.05,PASS,tr_bert_b8_s128,1,0,base
0.114,0.189,0.602,0.181,0.199,0.108,0.185,1.59,1.05,PASS,tr_bert_b8_s128,1,0,new
0.116,0.189,0.614,1.505,0.222,0.109,0.187,12.97,1.17,PASS,tr_bert_b8_s128,1,1,new
0.217,0.193,1.128,0.277,0.229,0.203,0.189,1.28,1.19,PASS,tr_bert_b8_s128,1,1,base
0.806,0.192,4.206,1.648,0.204,0.204,0.185,2.05,1.06,PASS,tr_bert_b8_s128,1,2,base
0.123,0.189,0.65,0.146,0.232,0.111,0.186,1.19,1.22,PASS,tr_bert_b8_s128,1,2,new
0.185,0.279,0.662,1.68,0.301,0.147,0.262,9.1,1.08,PASS,tr_bert_b8_s128,1,3,new
0.215,0.19,1.132,0.23,0.212,0.198,0.186,1.07,1.11,PASS,tr_bert_b8_s128,1,3,base
0.257,0.192,1.337,1.632,0.211,0.205,0.187,6.35,1.1,PASS,tr_bert_b8_s128,1,4,base
0.171,0.192,0.89,1.478,0.21,0.117,0.185,8.64,1.09,PASS,tr_bert_b8_s128,1,4,new
0.449,0.133,3.366,0.863,0.162,0.307,0.125,1.92,1.21,PASS,tr_bert_b8_s128,8,0,base
0.217,0.157,1.385,0.631,0.184,0.079,0.132,2.9,1.17,PASS,tr_bert_b8_s128,8,0,new
0.129,0.141,0.917,0.266,0.175,0.105,0.113,2.06,1.24,PASS,tr_bert_b8_s128,8,1,new
0.345,0.147,2.342,0.427,0.181,0.273,0.093,1.24,1.23,PASS,tr_bert_b8_s128,8,1,base
0.368,0.144,2.561,0.428,0.169,0.28,0.123,1.16,1.18,PASS,tr_bert_b8_s128,8,2,base
0.252,0.139,1.809,0.703,0.162,0.119,0.121,2.79,1.16,PASS,tr_bert_b8_s128,8,2,new
0.15,0.142,1.055,0.265,0.147,0.103,0.101,1.77,1.03,PASS,tr_bert_b8_s128,8,3,new
0.421,0.143,2.933,0.887,0.152,0.316,0.1,2.11,1.06,PASS,tr_bert_b8_s128,8,3,base
0.592,0.097,6.075,1.134,0.118,0.303,0.082,1.92,1.21,PASS,tr_bert_b8_s128,8,4,base
0.549,0.14,3.921,0.758,0.159,0.098,0.104,1.38,1.14,PASS,tr_bert_b8_s128,8,4,new
0.53,0.14,3.791,0.588,0.144,0.378,0.125,1.11,1.03,PASS,tr_bert_b8_s128,16,0,base
0.229,0.143,1.604,0.498,0.157,0.153,0.126,2.17,1.1,PASS,tr_bert_b8_s128,16,0,new
0.301,0.135,2.234,0.958,0.16,0.172,0.111,3.19,1.19,PASS,tr_bert_b8_s128,16,1,new
0.659,0.101,6.526,1.012,0.125,0.415,0.083,1.54,1.24,PASS,tr_bert_b8_s128,16,1,base
0.663,0.13,5.108,0.873,0.151,0.363,0.093,1.32,1.17,PASS,tr_bert_b8_s128,16,2,base
0.356,0.112,3.191,0.926,0.122,0.14,0.103,2.6,1.09,PASS,tr_bert_b8_s128,16,2,new
0.195,0.108,1.803,0.377,0.129,0.107,0.091,1.94,1.2,PASS,tr_bert_b8_s128,16,3,new
0.662,0.128,5.178,0.883,0.142,0.422,0.116,1.33,1.11,PASS,tr_bert_b8_s128,16,3,base
0.565,0.132,4.279,0.739,0.144,0.457,0.107,1.31,1.09,PASS,tr_bert_b8_s128,16,4,base
0.543,0.134,4.047,1.154,0.153,0.177,0.111,2.13,1.14,PASS,tr_bert_b8_s128,16,4,new
0.891,0.742,1.201,0.945,0.841,0.818,0.472,1.06,1.13,PASS,tr_llama3_s512,1,0,base
0.559,0.611,0.916,0.638,0.775,0.481,0.344,1.14,1.27,PASS,tr_llama3_s512,1,0,new
1.829,0.786,2.327,1.991,0.905,0.58,0.482,1.09,1.15,PASS,tr_llama3_s512,1,1,new
0.971,0.81,1.199,2.602,0.893,0.876,0.674,2.68,1.1,PASS,tr_llama3_s512,1,1,base
0.904,0.756,1.195,0.945,0.857,0.814,0.434,1.05,1.13,PASS,tr_llama3_s512,1,2,base
0.571,0.625,0.913,0.631,0.708,0.426,0.362,1.11,1.13,PASS,tr_llama3_s512,1,2,new
0.604,0.63,0.959,1.962,0.775,0.53,0.481,3.25,1.23,PASS,tr_llama3_s512,1,3,new
0.865,0.814,1.063,2.201,0.959,0.702,0.679,2.54,1.18,PASS,tr_llama3_s512,1,3,base
0.812,0.817,0.994,0.913,0.976,0.67,0.472,1.12,1.19,PASS,tr_llama3_s512,1,4,base
0.659,0.695,0.948,1.868,0.828,0.508,0.46,2.84,1.19,PASS,tr_llama3_s512,1,4,new
0.412,0.116,3.539,0.683,0.135,0.292,0.079,1.66,1.16,PASS,tr_llama3_s512,8,0,base
0.252,0.093,2.696,0.532,0.12,0.138,0.074,2.11,1.28,PASS,tr_llama3_s512,8,0,new
0.207,0.1,2.08,0.855,0.126,0.184,0.078,4.13,1.26,PASS,tr_llama3_s512,8,1,new
0.584,0.138,4.244,0.83,0.156,0.522,0.095,1.42,1.13,PASS,tr_llama3_s512,8,1,base
0.768,0.171,4.491,1.187,0.2,0.484,0.104,1.55,1.17,PASS,tr_llama3_s512,8,2,base
0.31,0.104,2.973,1.117,0.14,0.221,0.081,3.6,1.34,PASS,tr_llama3_s512,8,2,new
0.455,0.133,3.432,1.167,0.168,0.211,0.093,2.56,1.27,PASS,tr_llama3_s512,8,3,new
0.45,0.128,3.526,0.84,0.138,0.267,0.096,1.87,1.08,PASS,tr_llama3_s512,8,3,base
0.469,0.143,3.277,1.16,0.254,0.401,0.101,2.47,1.78,PASS,tr_llama3_s512,8,4,base
0.489,0.117,4.17,1.166,0.199,0.318,0.089,2.39,1.69,PASS,tr_llama3_s512,8,4,new
1.478,0.141,10.492,2.262,0.213,0.606,0.098,1.53,1.51,PASS,tr_llama3_s512,16,0,base
0.672,0.098,6.886,1.286,0.15,0.363,0.071,1.91,1.54,PASS,tr_llama3_s512,16,0,new
0.338,0.098,3.459,1.17,0.135,0.281,0.076,3.47,1.38,PASS,tr_llama3_s512,16,1,new
1.593,0.156,10.233,2.408,0.23,0.574,0.092,1.51,1.48,PASS,tr_llama3_s512,16,1,base
0.878,0.118,7.462,1.747,0.211,0.516,0.094,1.99,1.79,PASS,tr_llama3_s512,16,2,base
0.313,0.083,3.778,0.681,0.114,0.227,0.058,2.18,1.38,PASS,tr_llama3_s512,16,2,new
0.317,0.085,3.74,0.525,0.117,0.165,0.072,1.66,1.38,PASS,tr_llama3_s512,16,3,new
0.812,0.126,6.466,1.452,0.171,0.673,0.081,1.79,1.36,PASS,tr_llama3_s512,16,3,base
0.587,0.106,5.556,1.029,0.122,0.465,0.08,1.75,1.15,PASS,tr_llama3_s512,16,4,base
0.295,0.076,3.893,0.45,0.127,0.224,0.067,1.53,1.68,PASS,tr_llama3_s512,16,4,new
0.874,0.588,1.485,2.745,0.612,0.785,0.511,3.14,1.04,PASS,tr_whisper_s1500,1,0,base
0.521,0.529,0.985,0.623,0.589,0.455,0.484,1.2,1.11,PASS,tr_whisper_s1500,1,0,new
0.464,0.52,0.892,0.525,0.554,0.373,0.483,1.13,1.07,PASS,tr_whisper_s1500,1,1,new
0.802,0.58,1.383,0.882,0.696,0.637,0.513,1.1,1.2,PASS,tr_whisper_s1500,1,1,base
0.856,0.571,1.5,0.967,0.595,0.722,0.479,1.13,1.04,PASS,tr_whisper_s1500,1,2,base
0.553,0.545,1.015,1.633,0.585,0.393,0.493,2.95,1.07,PASS,tr_whisper_s1500,1,2,new
0.475,0.511,0.93,0.555,0.537,0.349,0.487,1.17,1.05,PASS,tr_whisper_s1500,1,3,new
0.824,0.691,1.192,1.858,0.757,0.615,0.628,2.26,1.1,PASS,tr_whisper_s1500,1,3,base
0.755,0.634,1.191,1.879,0.688,0.702,0.542,2.49,1.09,PASS,tr_whisper_s1500,1,4,base
0.676,0.552,1.225,2.254,0.66,0.559,0.486,3.33,1.2,PASS,tr_whisper_s1500,1,4,new
0.48,0.14,3.415,0.812,0.163,0.346,0.115,1.69,1.16,PASS,tr_whisper_s1500,8,0,base
0.172,0.108,1.59,1.113,0.143,0.131,0.092,6.49,1.32,PASS,tr_whisper_s1500,8,0,new
0.259,0.113,2.296,0.948,0.138,0.192,0.09,3.66,1.22,PASS,tr_whisper_s1500,8,1,new
0.418,0.135,3.092,0.658,0.155,0.379,0.106,1.57,1.14,PASS,tr_whisper_s1500,8,1,base
0.391,0.103,3.81,0.651,0.156,0.311,0.086,1.67,1.52,PASS,tr_whisper_s1500,8,2,base
0.161,0.098,1.635,0.425,0.141,0.104,0.086,2.64,1.44,PASS,tr_whisper_s1500,8,2,new
0.223,0.1,2.243,0.395,0.133,0.163,0.088,1.77,1.33,PASS,tr_whisper_s1500,8,3,new
0.446,0.113,3.939,0.632,0.131,0.346,0.092,1.42,1.16,PASS,tr_whisper_s1500,8,3,base
0.501,0.139,3.607,0.92,0.144,0.45,0.116,1.84,1.04,PASS,tr_whisper_s1500,8,4,base
0.247,0.104,2.381,0.386,0.145,0.136,0.087,1.56,1.39,PASS,tr_whisper_s1500,8,4,new
0.74,0.111,6.689,1.619,0.139,0.663,0.087,2.19,1.25,PASS,tr_whisper_s1500,16,0,base
0.511,0.114,4.484,1.197,0.176,0.221,0.1,2.34,1.54,PASS,tr_whisper_s1500,16,0,new
0.465,0.09,5.168,1.067,0.116,0.232,0.078,2.3,1.29,PASS,tr_whisper_s1500,16,1,new
0.634,0.1,6.365,1.439,0.115,0.518,0.08,2.27,1.15,PASS,tr_whisper_s1500,16,1,base
0.565,0.115,4.896,0.854,0.138,0.48,0.079,1.51,1.19,PASS,tr_whisper_s1500,16,2,base
0.589,0.092,6.376,1.342,0.163,0.22,0.084,2.28,1.76,PASS,tr_whisper_s1500,16,2,new
0.27,0.092,2.938,1.204,0.151,0.168,0.09,4.46,1.65,PASS,tr_whisper_s1500,16,3,new
0.684,0.117,5.851,1.608,0.211,0.465,0.101,2.35,1.81,PASS,tr_whisper_s1500,16,3,base
0.706,0.122,5.764,1.624,0.177,0.508,0.084,2.3,1.44,PASS,tr_whisper_s1500,16,4,base
0.591,0.094,6.308,1.198,0.167,0.259,0.073,2.03,1.79,PASS,tr_whisper_s1500,16,4,new
14.656,7.818,1.875,15.095,7.925,14.499,7.404,1.03,1.01,PASS,kvcat_llama3_b8_p2047,1,0,base
7.431,7.935,0.936,7.548,8.026,7.329,7.456,1.02,1.01,PASS,kvcat_llama3_b8_p2047,1,0,new
7.377,7.866,0.938,7.462,8.025,7.295,7.54,1.01,1.02,PASS,kvcat_llama3_b8_p2047,1,1,new
14.823,7.834,1.892,14.994,7.909,14.486,7.376,1.01,1.01,PASS,kvcat_llama3_b8_p2047,1,1,base
15.006,7.893,1.901,15.312,8.014,14.548,7.526,1.02,1.02,PASS,kvcat_llama3_b8_p2047,1,2,base
7.529,8.097,0.93,7.743,8.323,7.321,7.415,1.03,1.03,PASS,kvcat_llama3_b8_p2047,1,2,new
7.392,7.879,0.938,7.533,8.14,7.308,7.611,1.02,1.03,PASS,kvcat_llama3_b8_p2047,1,3,new
14.602,7.827,1.866,15.036,7.883,14.55,7.504,1.03,1.01,PASS,kvcat_llama3_b8_p2047,1,3,base
15.428,8.171,1.888,15.683,8.27,15.111,8.075,1.02,1.01,PASS,kvcat_llama3_b8_p2047,1,4,base
7.546,8.027,0.94,7.768,8.124,7.427,7.707,1.03,1.01,PASS,kvcat_llama3_b8_p2047,1,4,new
14.891,3.364,4.426,15.52,3.587,14.344,3.067,1.04,1.07,PASS,kvcat_llama3_b8_p2047,8,0,base
7.915,3.301,2.398,8.083,3.413,7.435,3.135,1.02,1.03,PASS,kvcat_llama3_b8_p2047,8,0,new
7.526,3.369,2.234,8.026,3.617,7.479,3.146,1.07,1.07,PASS,kvcat_llama3_b8_p2047,8,1,new
14.912,3.419,4.362,15.202,3.588,14.66,3.226,1.02,1.05,PASS,kvcat_llama3_b8_p2047,8,1,base
14.971,3.374,4.438,15.216,3.756,14.866,3.241,1.02,1.11,PASS,kvcat_llama3_b8_p2047,8,2,base
7.552,3.258,2.318,7.635,3.414,7.482,3.017,1.01,1.05,PASS,kvcat_llama3_b8_p2047,8,2,new
7.613,3.261,2.334,7.671,3.348,7.537,3.022,1.01,1.03,PASS,kvcat_llama3_b8_p2047,8,3,new
14.746,3.31,4.455,14.915,3.546,14.554,3.102,1.01,1.07,PASS,kvcat_llama3_b8_p2047,8,3,base
14.618,3.448,4.24,14.796,3.598,14.414,3.306,1.01,1.04,PASS,kvcat_llama3_b8_p2047,8,4,base
7.491,3.386,2.213,7.681,3.571,7.447,3.09,1.03,1.05,PASS,kvcat_llama3_b8_p2047,8,4,new
15.174,3.611,4.202,15.585,3.724,14.819,3.376,1.03,1.03,PASS,kvcat_llama3_b8_p2047,16,0,base
7.817,3.546,2.204,7.914,3.65,7.685,3.193,1.01,1.03,PASS,kvcat_llama3_b8_p2047,16,0,new
7.441,3.423,2.174,7.462,3.553,7.378,3.176,1.0,1.04,PASS,kvcat_llama3_b8_p2047,16,1,new
15.003,3.484,4.306,15.268,3.61,14.929,3.345,1.02,1.04,PASS,kvcat_llama3_b8_p2047,16,1,base
15.159,3.701,4.096,15.223,3.82,14.971,3.568,1.0,1.03,PASS,kvcat_llama3_b8_p2047,16,2,base
7.342,3.583,2.049,7.715,3.636,7.285,3.248,1.05,1.01,PASS,kvcat_llama3_b8_p2047,16,2,new
7.761,3.449,2.25,7.892,3.662,7.566,3.223,1.02,1.06,PASS,kvcat_llama3_b8_p2047,16,3,new
14.554,3.609,4.032,15.077,3.752,14.447,3.562,1.04,1.04,PASS,kvcat_llama3_b8_p2047,16,3,base
14.885,3.706,4.017,15.24,3.787,14.806,3.528,1.02,1.02,PASS,kvcat_llama3_b8_p2047,16,4,base
7.795,3.431,2.272,7.903,3.695,7.574,3.27,1.01,1.08,PASS,kvcat_llama3_b8_p2047,16,4,new
0.72,0.39,1.844,1.956,0.462,0.658,0.341,2.72,1.18,PASS,kvcat_llama3_p1023,1,0,base
0.383,0.334,1.146,2.76,0.438,0.351,0.304,7.2,1.31,PASS,kvcat_llama3_p1023,1,0,new
0.332,0.324,1.026,0.631,0.355,0.316,0.257,1.9,1.09,PASS,kvcat_llama3_p1023,1,1,new
0.703,0.372,1.889,1.92,0.454,0.672,0.338,2.73,1.22,PASS,kvcat_llama3_p1023,1,1,base
0.743,0.407,1.826,1.945,0.538,0.693,0.313,2.62,1.32,PASS,kvcat_llama3_p1023,1,2,base
0.363,0.338,1.076,1.557,0.387,0.345,0.264,4.29,1.15,PASS,kvcat_llama3_p1023,1,2,new
0.356,0.33,1.081,1.551,0.391,0.326,0.264,4.35,1.19,PASS,kvcat_llama3_p1023,1,3,new
0.744,0.395,1.881,1.873,0.442,0.725,0.31,2.52,1.12,PASS,kvcat_llama3_p1023,1,3,base
0.7,0.41,1.707,1.936,0.474,0.648,0.338,2.77,1.16,PASS,kvcat_llama3_p1023,1,4,base
0.392,0.338,1.16,1.512,0.408,0.351,0.258,3.85,1.21,PASS,kvcat_llama3_p1023,1,4,new
0.601,0.105,5.731,1.762,0.17,0.563,0.09,2.93,1.62,PASS,kvcat_llama3_p1023,8,0,base
0.316,0.121,2.618,0.696,0.17,0.278,0.091,2.2,1.41,PASS,kvcat_llama3_p1023,8,0,new
0.36,0.136,2.644,1.734,0.194,0.342,0.084,4.82,1.43,PASS,kvcat_llama3_p1023,8,1,new
0.68,0.119,5.699,1.8,0.18,0.63,0.093,2.65,1.51,PASS,kvcat_llama3_p1023,8,1,base
0.707,0.136,5.214,2.183,0.154,0.646,0.087,3.09,1.14,PASS,kvcat_llama3_p1023,8,2,base
0.306,0.075,4.052,1.474,0.177,0.279,0.056,4.82,2.35,PASS,kvcat_llama3_p1023,8,2,new
0.289,0.105,2.751,1.485,0.179,0.265,0.067,5.14,1.71,PASS,kvcat_llama3_p1023,8,3,new
0.696,0.117,5.939,2.159,0.15,0.641,0.089,3.1,1.28,PASS,kvcat_llama3_p1023,8,3,base
0.609,0.124,4.899,1.817,0.171,0.567,0.1,2.98,1.37,PASS,kvcat_llama3_p1023,8,4,base
0.323,0.093,3.463,2.143,0.166,0.293,0.077,6.63,1.78,PASS,kvcat_llama3_p1023,8,4,new
0.747,0.158,4.738,3.724,0.164,0.725,0.083,4.98,1.04,PASS,kvcat_llama3_p1023,16,0,base
0.319,0.105,3.029,2.148,0.174,0.278,0.092,6.74,1.66,PASS,kvcat_llama3_p1023,16,0,new
0.328,0.111,2.942,1.774,0.153,0.315,0.1,5.41,1.38,PASS,kvcat_llama3_p1023,16,1,new
0.753,0.145,5.186,2.117,0.2,0.725,0.078,2.81,1.38,PASS,kvcat_llama3_p1023,16,1,base
0.679,0.104,6.516,2.526,0.118,0.632,0.08,3.72,1.13,PASS,kvcat_llama3_p1023,16,2,base
0.321,0.105,3.055,0.611,0.138,0.287,0.075,1.9,1.31,PASS,kvcat_llama3_p1023,16,2,new
0.334,0.091,3.675,2.006,0.161,0.308,0.064,6.0,1.77,PASS,kvcat_llama3_p1023,16,3,new
0.72,0.145,4.971,2.059,0.178,0.632,0.11,2.86,1.23,PASS,kvcat_llama3_p1023,16,3,base
0.672,0.119,5.66,3.587,0.156,0.601,0.093,5.34,1.31,PASS,kvcat_llama3_p1023,16,4,base
0.292,0.079,3.685,2.073,0.172,0.273,0.065,7.1,2.17,PASS,kvcat_llama3_p1023,16,4,new
1.676,0.948,1.767,3.178,1.059,1.491,0.798,1.9,1.12,PASS,kvcat_llama3_p2047,1,0,base
0.775,0.802,0.966,2.298,0.912,0.738,0.777,2.96,1.14,PASS,kvcat_llama3_p2047,1,0,new
0.72,0.776,0.927,2.311,0.933,0.685,0.733,3.21,1.2,PASS,kvcat_llama3_p2047,1,1,new
1.811,0.947,1.912,3.304,1.042,1.711,0.699,1.82,1.1,PASS,kvcat_llama3_p2047,1,1,base
1.595,0.859,1.858,3.156,1.004,1.56,0.792,1.98,1.17,PASS,kvcat_llama3_p2047,1,2,base
0.721,0.797,0.905,2.304,0.939,0.695,0.729,3.19,1.18,PASS,kvcat_llama3_p2047,1,2,new
0.848,0.818,1.036,2.437,0.994,0.826,0.783,2.87,1.21,PASS,kvcat_llama3_p2047,1,3,new
1.726,0.937,1.842,3.196,0.978,1.693,0.689,1.85,1.04,PASS,kvcat_llama3_p2047,1,3,base
1.603,0.881,1.819,3.22,1.038,1.529,0.813,2.01,1.18,PASS,kvcat_llama3_p2047,1,4,base
0.746,0.763,0.978,2.399,0.969,0.709,0.716,3.21,1.27,PASS,kvcat_llama3_p2047,1,4,new
1.678,0.303,5.547,3.339,0.389,1.621,0.207,1.99,1.29,PASS,kvcat_llama3_p2047,8,0,base
0.728,0.199,3.649,2.661,0.346,0.699,0.176,3.66,1.74,PASS,kvcat_llama3_p2047,8,0,new
0.814,0.247,3.295,3.843,0.409,0.762,0.186,4.72,1.65,PASS,kvcat_llama3_p2047,8,1,new
1.679,0.356,4.721,3.173,0.412,1.586,0.24,1.89,1.16,PASS,kvcat_llama3_p2047,8,1,base
1.705,0.314,5.423,3.286,0.395,1.587,0.275,1.93,1.26,PASS,kvcat_llama3_p2047,8,2,base
0.808,0.202,4.003,2.807,0.333,0.777,0.174,3.47,1.65,PASS,kvcat_llama3_p2047,8,2,new
0.741,0.257,2.885,2.252,0.366,0.703,0.199,3.04,1.43,PASS,kvcat_llama3_p2047,8,3,new
1.986,0.512,3.875,4.183,0.556,1.747,0.376,2.11,1.08,PASS,kvcat_llama3_p2047,8,3,base
1.785,0.316,5.642,3.202,0.352,1.549,0.159,1.79,1.11,PASS,kvcat_llama3_p2047,8,4,base
0.874,0.304,2.879,2.437,0.339,0.732,0.27,2.79,1.12,PASS,kvcat_llama3_p2047,8,4,new
1.947,0.289,6.745,3.776,0.374,1.747,0.221,1.94,1.3,PASS,kvcat_llama3_p2047,16,0,base
0.801,0.172,4.664,2.679,0.253,0.775,0.139,3.34,1.48,PASS,kvcat_llama3_p2047,16,0,new
0.823,0.207,3.984,2.776,0.306,0.779,0.155,3.37,1.48,PASS,kvcat_llama3_p2047,16,1,new
1.873,0.247,7.571,3.988,0.38,1.724,0.198,2.13,1.54,PASS,kvcat_llama3_p2047,16,1,base
1.872,0.251,7.459,3.806,0.3,1.644,0.168,2.03,1.2,PASS,kvcat_llama3_p2047,16,2,base
0.801,0.156,5.133,2.216,0.238,0.753,0.124,2.77,1.53,PASS,kvcat_llama3_p2047,16,2,new
0.831,0.198,4.202,2.176,0.268,0.722,0.127,2.62,1.36,PASS,kvcat_llama3_p2047,16,3,new
1.943,0.287,6.774,3.818,0.302,1.768,0.196,1.96,1.05,PASS,kvcat_llama3_p2047,16,3,base
2.614,0.266,9.834,4.375,0.311,2.225,0.208,1.67,1.17,PASS,kvcat_llama3_p2047,16,4,base
0.731,0.181,4.042,2.295,0.27,0.714,0.126,3.14,1.49,PASS,kvcat_llama3_p2047,16,4,new
5.366,1.902,2.821,6.918,2.055,3.721,1.769,1.29,1.08,PASS,kvcat_llama3_p4095,1,0,base
3.509,1.828,1.92,4.126,2.101,1.73,1.661,1.18,1.15,PASS,kvcat_llama3_p4095,1,0,new
3.296,1.852,1.78,3.997,1.942,1.81,1.644,1.21,1.05,PASS,kvcat_llama3_p4095,1,1,new
5.353,1.951,2.744,5.991,2.048,3.779,1.813,1.12,1.05,PASS,kvcat_llama3_p4095,1,1,base
5.285,1.893,2.793,6.808,1.955,3.737,1.812,1.29,1.03,PASS,kvcat_llama3_p4095,1,2,base
3.277,1.794,1.827,4.001,1.97,1.746,1.676,1.22,1.1,PASS,kvcat_llama3_p4095,1,2,new
4.042,1.864,2.168,4.686,2.001,1.783,1.654,1.16,1.07,PASS,kvcat_llama3_p4095,1,3,new
5.86,2.009,2.917,6.134,2.032,4.118,1.887,1.05,1.01,PASS,kvcat_llama3_p4095,1,3,base
5.428,1.894,2.866,5.932,1.991,3.816,1.545,1.09,1.05,PASS,kvcat_llama3_p4095,1,4,base
3.434,1.821,1.885,4.043,1.97,1.673,1.692,1.18,1.08,PASS,kvcat_llama3_p4095,1,4,new
3.503,0.749,4.675,3.919,0.78,3.164,0.537,1.12,1.04,PASS,kvcat_llama3_p4095,8,0,base
3.268,0.692,4.724,4.0,0.729,1.663,0.474,1.22,1.05,PASS,kvcat_llama3_p4095,8,0,new
3.317,0.783,4.236,3.991,0.827,1.69,0.583,1.2,1.06,PASS,kvcat_llama3_p4095,8,1,new
5.856,0.753,7.783,6.789,0.975,3.452,0.592,1.16,1.3,PASS,kvcat_llama3_p4095,8,1,base
5.404,0.789,6.846,6.515,0.834,3.671,0.657,1.21,1.06,PASS,kvcat_llama3_p4095,8,2,base
3.452,0.815,4.238,5.019,0.866,1.882,0.552,1.45,1.06,PASS,kvcat_llama3_p4095,8,2,new
1.847,0.743,2.486,3.939,0.911,1.678,0.555,2.13,1.23,PASS,kvcat_llama3_p4095,8,3,new
5.767,0.784,7.352,6.863,0.838,3.462,0.596,1.19,1.07,PASS,kvcat_llama3_p4095,8,3,base
5.563,0.786,7.08,6.4,0.896,3.827,0.67,1.15,1.14,PASS,kvcat_llama3_p4095,8,4,base
1.67,0.671,2.488,1.934,0.74,1.59,0.544,1.16,1.1,PASS,kvcat_llama3_p4095,8,4,new
3.875,0.74,5.234,6.818,0.84,3.294,0.621,1.76,1.13,PASS,kvcat_llama3_p4095,16,0,base
1.939,0.699,2.775,4.608,0.774,1.709,0.496,2.38,1.11,PASS,kvcat_llama3_p4095,16,0,new
3.783,0.73,5.181,4.605,0.863,1.918,0.495,1.22,1.18,PASS,kvcat_llama3_p4095,16,1,new
3.724,0.706,5.274,6.439,0.752,3.222,0.546,1.73,1.07,PASS,kvcat_llama3_p4095,16,1,base
5.881,0.76,7.737,6.861,0.79,3.993,0.543,1.17,1.04,PASS,kvcat_llama3_p4095,16,2,base
3.921,0.831,4.718,4.734,0.952,1.854,0.495,1.21,1.15,PASS,kvcat_llama3_p4095,16,2,new
3.98,0.738,5.393,5.9,0.795,1.912,0.512,1.48,1.08,PASS,kvcat_llama3_p4095,16,3,new
5.972,0.867,6.886,8.107,0.967,3.554,0.593,1.36,1.11,PASS,kvcat_llama3_p4095,16,3,base
3.69,0.723,5.102,6.389,0.75,3.382,0.567,1.73,1.04,PASS,kvcat_llama3_p4095,16,4,base
3.379,0.665,5.079,3.936,0.762,1.852,0.546,1.16,1.15,PASS,kvcat_llama3_p4095,16,4,new
7.487,3.776,1.983,7.567,3.817,7.33,3.71,1.01,1.01,PASS,kvcat_llama3_p8191,1,0,base
3.747,3.779,0.992,3.779,3.811,3.724,3.531,1.01,1.01,PASS,kvcat_llama3_p8191,1,0,new
3.711,3.789,0.979,3.807,3.8,3.705,3.612,1.03,1.0,PASS,kvcat_llama3_p8191,1,1,new
7.373,3.751,1.966,7.429,3.818,7.136,3.734,1.01,1.02,PASS,kvcat_llama3_p8191,1,1,base
7.476,3.792,1.971,7.517,3.846,7.374,3.674,1.01,1.01,PASS,kvcat_llama3_p8191,1,2,base
3.846,3.78,1.018,3.991,3.829,3.772,3.531,1.04,1.01,PASS,kvcat_llama3_p8191,1,2,new
3.774,3.774,1.0,3.878,3.792,3.748,3.523,1.03,1.0,PASS,kvcat_llama3_p8191,1,3,new
7.477,3.778,1.979,7.544,3.822,7.307,3.513,1.01,1.01,PASS,kvcat_llama3_p8191,1,3,base
7.425,3.769,1.97,7.496,3.819,7.234,3.633,1.01,1.01,PASS,kvcat_llama3_p8191,1,4,base
3.755,3.727,1.008,3.89,3.794,3.716,3.558,1.04,1.02,PASS,kvcat_llama3_p8191,1,4,new
7.327,1.654,4.43,7.502,1.755,6.722,1.411,1.02,1.06,PASS,kvcat_llama3_p8191,8,0,base
3.779,1.563,2.417,3.88,1.754,3.542,1.38,1.03,1.12,PASS,kvcat_llama3_p8191,8,0,new
3.775,1.584,2.384,4.036,1.653,3.639,1.273,1.07,1.04,PASS,kvcat_llama3_p8191,8,1,new
7.256,1.62,4.479,7.605,1.701,6.593,1.307,1.05,1.05,PASS,kvcat_llama3_p8191,8,1,base
7.259,1.746,4.158,7.784,1.911,6.759,1.589,1.07,1.1,PASS,kvcat_llama3_p8191,8,2,base
3.578,1.412,2.533,3.882,1.525,3.489,1.298,1.09,1.08,PASS,kvcat_llama3_p8191,8,2,new
3.578,1.871,1.913,3.883,1.956,3.453,1.739,1.09,1.05,PASS,kvcat_llama3_p8191,8,3,new
7.194,1.725,4.17,7.473,1.816,6.646,1.617,1.04,1.05,PASS,kvcat_llama3_p8191,8,3,base
7.256,1.615,4.493,7.594,1.764,6.535,1.443,1.05,1.09,PASS,kvcat_llama3_p8191,8,4,base
3.795,1.582,2.4,3.838,1.648,3.698,1.298,1.01,1.04,PASS,kvcat_llama3_p8191,8,4,new
7.495,1.578,4.749,7.693,1.722,6.988,1.414,1.03,1.09,PASS,kvcat_llama3_p8191,16,0,base
3.803,1.601,2.376,3.974,1.718,3.65,1.417,1.04,1.07,PASS,kvcat_llama3_p8191,16,0,new
3.758,1.375,2.733,3.884,1.55,3.607,1.201,1.03,1.13,PASS,kvcat_llama3_p8191,16,1,new
7.385,1.575,4.689,7.82,1.711,7.009,1.383,1.06,1.09,PASS,kvcat_llama3_p8191,16,1,base
7.47,1.61,4.64,7.755,1.762,6.845,1.358,1.04,1.09,PASS,kvcat_llama3_p8191,16,2,base
3.866,1.348,2.867,3.944,1.566,3.792,1.233,1.02,1.16,PASS,kvcat_llama3_p8191,16,2,new
3.909,1.444,2.707,4.029,1.527,3.853,1.251,1.03,1.06,PASS,kvcat_llama3_p8191,16,3,new
7.984,1.473,5.418,8.346,1.534,7.769,1.233,1.05,1.04,PASS,kvcat_llama3_p8191,16,3,base
7.755,1.555,4.988,8.087,1.594,7.293,1.298,1.04,1.03,PASS,kvcat_llama3_p8191,16,4,base
3.887,1.532,2.538,4.441,1.78,3.835,1.279,1.14,1.16,PASS,kvcat_llama3_p8191,16,4,new
